condition,seed,Q_E,Q_P,Q_C,Q_F,Q_S,ULVI,viable,acc_clean,eps,mean_len,fano_L_min,C_eta,frontier_slack,mean_abs_w,sparsity_cutoff,n_params,zipf_alpha_ols,zipf_alpha_mle,zipf_ks,zipf_n_types,heaps_beta,abbrev_rho_spearman,abbrev_tau_kendall,mean_length,signal_entropy_bits,ratio,lambda_eff
uvif_full,0,0.6410329918857296,0.5810367230604091,0.7160598821938038,0.4050118582589286,0.6417336664200466,0.5863692318806405,False,0.4132080078125,0.5867919921875,5.1649169921875,0.5904633317486038,2.250268914204958,4.574453660438897,0.05678802356123924,0.47772425413131714,26576,2.133785411696723,0.9962161456052827,0.12578649635830064,66,0.25468202465545214,-0.15412567345067682,-0.12324252305529314,5.1649169921875,4.679279404336577,0.125,0.17328679513998632
uvif_full,1,0.5804610168512857,0.5363500435169873,0.7047420591115952,0.3734828404017857,0.5734941494741966,0.5425131166925724,False,0.3426513671875,0.6573486328125,5.3856201171875,0.362386709074934,2.250268914204958,5.023233408112566,0.05905158817768097,0.4435957074165344,26576,2.2815935797155213,0.9788805863483628,0.11766436721097262,45,0.219347065287809,-0.2478784465745824,-0.19343841895597086,5.3856201171875,4.334246034666695,0.125,0.17328679513998632
uvif_full,2,0.6197477362823015,0.562560250615689,0.7026918269693851,0.3776332310267857,0.6201279331654405,0.5645989660860722,False,0.441650390625,0.558349609375,5.3565673828125,0.6861758935148493,2.250268914204958,4.670391489297651,0.05946163460612297,0.4109346866607666,26576,2.105091425384096,0.9284652050988184,0.13182023605971227,61,0.2677439125045272,0.016047138671563214,0.02023236125434561,5.3565673828125,4.7556510729848736,0.125,0.17328679513998632
uvif_full,3,0.49602625106838005,0.456485063569671,0.6218067035079002,0.3551897321428571,0.5077979968886732,0.4796755737962355,False,0.3133544921875,0.6866455078125,5.513671875,0.2717824127480395,2.250268914204958,5.241889462251961,0.07563865929841995,0.23615294694900513,26576,2.2480975427479484,1.2842088149075812,0.1218740845733936,78,0.32488487895363266,-0.2510676082899718,-0.19871534161104606,5.513671875,4.009782766949709,0.125,0.17328679513998632
uvif_full,4,0.5775491902656783,0.5325707583311144,0.6432864293456078,0.4227120535714286,0.5747338458993506,0.5449747969752831,False,0.35400390625,0.64599609375,5.041015625,0.3981586030672654,2.250268914204958,4.642857021932735,0.07134271413087845,0.36619508266448975,26576,2.3731547077054107,1.1568268020735735,0.0995199552572289,70,0.2785352234361306,-0.25464598067650307,-0.22468954402158556,5.041015625,4.323433485463688,0.125,0.17328679513998632
uvif_full,0,0.6217043674032335,0.5639245012113047,0.6881179511547089,0.4208635602678571,0.6315661730804042,0.5773053618585866,False,0.41015625,0.58984375,5.053955078125,0.5803201121922908,2.250268914204958,4.4736349659327095,0.06237640976905823,0.4048389792442322,26576,2.1404434154470255,1.0091684053362018,0.13015754168814453,79,0.30183922023219983,-0.11361026544285621,-0.0850237705317985,5.053955078125,4.809385816000925,0.25,0.34657359027997264
uvif_full,1,0.5660179942723396,0.526234955966942,0.6874440461397171,0.3715471540178571,0.5692242225163998,0.5337143988486069,False,0.3233642578125,0.6766357421875,5.399169921875,0.30245735200559765,2.250268914204958,5.0967125698694025,0.06251119077205658,0.39610928297042847,26576,2.099470043342267,1.0538456048189702,0.09731932503017637,54,0.26122799543179553,0.0005991870681632128,-0.008348415694337972,5.399169921875,4.411905495272805,0.25,0.34657359027997264
uvif_full,2,0.6577081516689116,0.599845214485063,0.724473487585783,0.4428885323660714,0.6814595595907337,0.6125843376172945,False,0.4169921875,0.5830078125,4.8997802734375,0.603075118414104,2.250268914204958,4.296705155023396,0.0551053024828434,0.48351895809173584,26576,2.050399379597177,1.005838323894986,0.11505089769606025,108,0.3630809657207891,-0.14736558747270562,-0.1082297990374145,4.8997802734375,5.174616835873486,0.25,0.34657359027997264
uvif_full,3,0.48887037040135334,0.4714307708688259,0.7152257710695267,0.3924734933035714,0.4876688339607805,0.5009542043473237,False,0.2794189453125,0.7205810546875,5.252685546875,0.17004219027320347,2.250268914204958,5.082643356601796,0.056954845786094666,0.4574428200721741,26576,2.656631521156406,1.1400681610876449,0.14369336900055063,36,0.24890813036800438,0.04560528312127651,0.047129678349770575,5.252685546875,3.6835520239200865,0.25,0.34657359027997264
uvif_full,4,0.577122637176898,0.5169020129925299,0.590102918446064,0.4072440011160714,0.5860227654328203,0.5304868901845761,False,0.40673828125,0.59326171875,5.1492919921875,0.5689890098758174,2.250268914204958,4.580302982311682,0.0819794163107872,0.2111303210258484,26576,1.818075880261071,1.1952695176581751,0.10899030963388695,218,0.4806396597433376,-0.14347733958062747,-0.12032239012367084,5.1492919921875,5.060302428296978,0.25,0.34657359027997264
uvif_full,0,0.6003762363864427,0.5580404773588101,0.7260531969368458,0.4449637276785714,0.6027041978137878,0.5792916822725257,False,0.385498046875,0.614501953125,4.88525390625,0.49927349249218905,2.250268914204958,4.385980413757811,0.054789360612630844,0.49623721837997437,26576,2.3079223959992334,0.8730301996144226,0.14589797209296596,41,0.18137762572255317,-0.003537414002197135,-0.006633446995030942,4.88525390625,4.391302571453883,0.5,0.6931471805599453
uvif_full,1,0.5370071779141924,0.5017972879095264,0.6951541118323803,0.3885846819196429,0.5401695295214161,0.523505261699971,False,0.318359375,0.681640625,5.2799072265625,0.2870828792625819,2.250268914204958,4.992824347299918,0.06096917763352394,0.4287703037261963,26576,2.4377288805689172,1.1031787665934174,0.10483959647601315,47,0.21731519032867713,-0.11517561956908398,-0.10141081167505628,5.2799072265625,4.119039997513219,0.5,0.6931471805599453
uvif_full,2,0.4803009562821799,0.4432716748667498,0.6099263429641724,0.3981061662946429,0.48035532465092534,0.4775341857610891,False,0.27783203125,0.72216796875,5.2132568359375,0.1653723329627296,2.250268914204958,5.04788450297477,0.07801473140716553,0.2660294771194458,26576,2.521293706354967,1.2470026156865395,0.12190232509685395,56,0.3228091070858681,-0.10478130953139328,-0.08019162848397308,5.2132568359375,3.847313393605449,0.5,0.6931471805599453
uvif_full,3,0.46117041358794075,0.43091798727819325,0.6260926872491837,0.428466796875,0.47923129239483303,0.4802544597578252,False,0.236083984375,0.763916015625,5.000732421875,0.04550404037441257,2.250268914204958,4.9552283815005875,0.07478146255016327,0.20176100730895996,26576,2.3580878786287913,1.3404406497664823,0.1373741137691632,86,0.38015761680009996,-0.16703905404240277,-0.13301042588637893,5.000732421875,3.806610005856868,0.5,0.6931471805599453
uvif_full,4,0.48045325413773887,0.4526956607880453,0.6532934531569481,0.4087785993303571,0.4776772063186998,0.4882448704890921,False,0.300048828125,0.699951171875,5.1385498046875,0.23147034660541127,2.250268914204958,4.907079458082089,0.06934130936861038,0.33816224336624146,26576,2.6221550796635227,1.1491863665799533,0.13310346877596613,35,0.2347648325961488,-0.19242987173751064,-0.13159179836891344,5.1385498046875,3.679686226664921,0.5,0.6931471805599453
uvif_full,0,0.584326763429428,0.5509150729378895,0.6836134046316147,0.4760916573660714,0.5872280377101502,0.5725450595527618,False,0.3922119140625,0.6077880859375,4.6673583984375,0.5211791487207711,2.250268914204958,4.146179249716729,0.06327731907367706,0.3935505747795105,26576,2.3583837929056033,0.982051431955065,0.15263134989264104,54,0.25772495383912125,-0.19689806277006217,-0.15309333137845074,4.6673583984375,4.427216773929443,1.0,1.3862943611198906
uvif_full,1,0.5664933599757779,0.5098277282676763,0.6247531101107597,0.5023193359375,0.56893979261287,0.5526810598032094,False,0.411865234375,0.588134765625,4.4837646484375,0.5859972780489086,2.250268914204958,3.8977673703885913,0.07504937797784805,0.3026791214942932,26576,1.6552483149475101,1.3257695517869093,0.06297807452544835,242,0.5311107162947624,0.026043118311690597,0.023822694624172407,4.4837646484375,4.616175577385642,1.0,1.3862943611198906
uvif_full,2,0.5235984002746912,0.4646153579448861,0.5956000313162804,0.4046456473214286,0.5255518576204229,0.49859441171375146,False,0.3587646484375,0.6412353515625,5.16748046875,0.41326756251094293,2.250268914204958,4.754212906239057,0.08087999373674393,0.22384858131408691,26576,2.4270939428781393,1.0853691554130405,0.1262510687715559,46,0.25648890759020576,-0.04234076204740869,-0.01537428702110241,5.16748046875,4.06983030868931,1.0,1.3862943611198906
uvif_full,3,0.5800140718386517,0.5413074459979956,0.6966953203082085,0.4634835379464286,0.5802351275603894,0.5674305983228614,False,0.3427734375,0.6572265625,4.755615234375,0.3627694121997361,2.250268914204958,4.392845822175264,0.06066093593835831,0.4402468204498291,26576,2.3867793560138875,0.999694872423729,0.12233992490548662,45,0.22307150001192486,-0.19209361365012426,-0.14950900031928038,4.755615234375,4.288277310711456,1.0,1.3862943611198906
uvif_full,4,0.49124463198317897,0.4575608115647323,0.640096053481102,0.4848458426339286,0.4959366400349839,0.5102750477951841,False,0.2930908203125,0.7069091796875,4.6060791015625,0.210604102612227,2.250268914204958,4.395474998950273,0.0719807893037796,0.3282284736633301,26576,2.452413709517221,1.2688819743906818,0.12637983198171338,73,0.33501945939108324,-0.46477342235033836,-0.3886761774405795,4.6060791015625,3.920253259031389,1.0,1.3862943611198906
uvif_full,0,0.5384816351893533,0.5017710447699011,0.62297223508358,0.5135323660714286,0.5376050834832945,0.5412965689230619,False,0.3134765625,0.6865234375,4.4052734375,0.2721547094443236,2.250268914204958,4.133118728055677,0.075405552983284,0.2585415244102478,26576,2.1178384004132016,0.959093454236307,0.1385297311350887,36,0.2183311999142451,-0.11178006364864627,-0.07303467778241679,4.4052734375,4.115422515829538,2.0,2.772588722239781
uvif_full,1,0.5469010636164195,0.5090840721755858,0.6318180859088898,0.4696742466517857,0.5460716962971034,0.5381053984639881,False,0.3358154296875,0.6641845703125,4.7122802734375,0.3410232422656216,2.250268914204958,4.371257031171878,0.07363638281822205,0.37819838523864746,26576,2.2668038904425156,1.1579886191814646,0.09999190085222764,52,0.2663514097540379,-0.32078759582418204,-0.2622462024053356,4.7122802734375,4.084774587455365,2.0,2.772588722239781
uvif_full,2,0.5133417768495401,0.4636992129761633,0.5520001277327538,0.4657156808035714,0.537045375114327,0.5050597944983342,False,0.360595703125,0.639404296875,4.739990234375,0.41909553974538494,2.250268914204958,4.320894694629615,0.08959997445344925,0.1781306266784668,26576,2.0857957319247484,1.220087058697253,0.14904020698554415,118,0.39514988144091984,-0.14435862792274165,-0.12163256651794267,4.739990234375,4.383514372229405,2.0,2.772588722239781
uvif_full,3,0.5000848412385955,0.4840372645013581,0.6736069768667221,0.5033656529017857,0.4990542557134696,0.527803275748826,False,0.296142578125,0.703857421875,4.4764404296875,0.21973764084633907,2.250268914204958,4.256702788841161,0.06527860462665558,0.3891104459762573,26576,2.728932012226435,1.2051259241384018,0.14330279107909039,52,0.28779884776674175,-0.45097897954479466,-0.3931437968145442,4.4764404296875,3.8010540263715793,2.0,2.772588722239781
uvif_full,4,0.5297763893343651,0.4808333788569524,0.654235951602459,0.4372907366071429,0.5255517768974175,0.5207646303929105,False,0.373046875,0.626953125,4.93896484375,0.45897199929050003,2.250268914204958,4.4799928444595,0.06915280967950821,0.34753161668777466,26576,2.4097763087995174,1.1858376673698094,0.09880522914732237,56,0.24687012717310441,0.027806456651201385,0.0303707369877896,4.93896484375,4.06755128902326,2.0,2.772588722239781
uvif_full,0,0.5075621250216461,0.4644907361692578,0.5899643376469612,0.6989920479910714,0.5074226824834914,0.5478060535897084,False,0.3846435546875,0.6153564453125,3.1070556640625,0.49649423499616735,2.250268914204958,2.610561429066333,0.08200713247060776,0.26809900999069214,26576,2.2041685351536344,1.2728397089172596,0.0755207849270173,79,0.3267278661129549,-0.389006189779155,-0.30839881827318166,3.1070556640625,4.131097301155812,4.0,5.545177444479562
uvif_full,1,0.47685074256838994,0.4390418566314748,0.6025604382157326,0.6153913225446428,0.47354225823465246,0.5165112943850801,False,0.3209228515625,0.6790771484375,3.6922607421875,0.29494840275582235,2.250268914204958,3.3973123394316778,0.07948791235685349,0.25714927911758423,26576,2.422933950383751,1.2820747872635263,0.14905000680950076,59,0.26490599122919,-0.34619078281163235,-0.26777639172287976,3.6922607421875,3.775082476940471,4.0,5.545177444479562
uvif_full,2,0.42885349232737746,0.3802361839937178,0.5639181882143021,0.7081996372767857,0.42961084361840207,0.4890597101701658,False,0.3392333984375,0.6607666015625,3.0426025390625,0.3516882684144064,2.250268914204958,2.6909142706480935,0.08721636235713959,0.22298312187194824,26576,2.3832270024047295,1.5591383515483979,0.0818578095192124,73,0.3665281827617021,-0.4562576980886663,-0.3986210742691769,3.0426025390625,3.2083940442562975,4.0,5.545177444479562
uvif_full,3,0.5037132574743585,0.45957899426512283,0.5026317611336708,0.6444614955357143,0.4933017971568741,0.5171548839450288,False,0.2513427734375,0.7486572265625,3.48876953125,0.08863307186411244,2.250268914204958,3.4001364593858874,0.09947364777326584,0.1412176489830017,26576,1.6252298765894155,1.2577939110265082,0.095219710655437,273,0.5484243477940676,-0.3570892931267038,-0.28659948147675324,3.48876953125,4.9686106028707515,4.0,5.545177444479562
uvif_full,4,0.4688282803268541,0.4439987768713741,0.5807810872793198,0.5789794921875,0.47106765361531383,0.5053949534569409,False,0.3084716796875,0.6915283203125,3.9471435546875,0.2569270549595255,2.250268914204958,3.6902164997279745,0.08384378254413605,0.17173391580581665,26576,2.3964446105815047,1.1396482927047484,0.1306630747326552,55,0.2723921608029116,-0.17461961431463685,-0.1322514645635253,3.9471435546875,4.073198159747667,4.0,5.545177444479562
uvif_full,0,0.36322630745627676,0.32392546477369144,0.4881460443139076,0.81494140625,0.35121630119868885,0.4397184029754571,False,0.26904296875,0.73095703125,2.29541015625,0.1396549990989747,2.250268914204958,2.155755157151025,0.10237079113721848,0.06675195693969727,26576,2.3035984856604315,1.5793634120248714,0.03937712560487516,78,0.41004455252277316,-0.131833635164428,-0.09924646088285356,2.29541015625,3.237530614908504,8.0,11.090354888959125
uvif_full,1,0.44887861482639474,0.4203181480966883,0.5757909119129181,0.6452462332589286,0.44790820483739996,0.5004691039767424,False,0.2532958984375,0.7467041015625,3.4832763671875,0.09421155339345832,2.250268914204958,3.389064813794042,0.08484181761741638,0.2043573260307312,26576,2.264731790013219,1.2232883823918161,0.12679160706180576,69,0.3192851472353047,-0.37636732366588765,-0.2876280073864443,3.4832763671875,4.090830203904688,8.0,11.090354888959125
uvif_full,2,0.4750850744548308,0.44659873890889284,0.5621263980865479,0.6838727678571428,0.4784839839130176,0.5227248119761552,False,0.3763427734375,0.6236572265625,3.212890625,0.469598911874406,2.250268914204958,2.743291713125594,0.08757472038269043,0.2079319953918457,26576,2.556892510578144,1.3139167589956884,0.09990045922709762,57,0.3412883959530088,-0.09704636349111406,-0.07340205027901081,3.212890625,3.71384016784529,8.0,11.090354888959125
uvif_full,3,0.4724511714119931,0.43297975805352074,0.48786184191703796,0.6638009207589286,0.47063196415147496,0.49976763648589384,False,0.2850341796875,0.7149658203125,3.3533935546875,0.18663050140109103,2.250268914204958,3.166763053286409,0.10242763161659241,0.09444612264633179,26576,1.9985497199851894,1.2779336905638221,0.12411020802261713,149,0.4674483473437595,-0.3291823591311397,-0.27813568225909846,3.3533935546875,4.417011315743202,8.0,11.090354888959125
uvif_full,4,0.39868425701963367,0.3701642684119507,0.612918496131897,0.6912667410714286,0.39545209787319724,0.47712609638302,False,0.240966796875,0.759033203125,3.1611328125,0.05921697963368156,2.250268914204958,3.1019158328663186,0.0774163007736206,0.27400660514831543,26576,3.1305181807243656,1.4146068038668185,0.10142157990504397,25,0.17697795493817037,-0.3247643304483537,-0.2561393174642474,3.1611328125,2.932295640800634,8.0,11.090354888959125
