condition,seed,generation,drift,viable,ULVI,Q_E,Q_P,Q_C,Q_F,Q_S,acc_clean,mean_len,alpha,rho_estimate,first_nonviable_generation
least_effort,0,0,0.55859375,False,0.3707519691524994,0.3974005958271954,0.34093208535139985,0.1518601030111313,0.7713274274553572,0.44140625,0.2774658203125,2.6007080078125,1.5779976537689064,,
least_effort,0,1,0.3359375,False,0.3691272345289353,0.314946407833057,0.25484564510482566,0.12916094064712524,0.9954659598214286,0.6640625,0.1689453125,1.03173828125,1.428027931065213,,
least_effort,0,2,0.6640625,False,0.2459239474283003,0.18746431396589608,0.1449437854153534,0.09854508936405182,0.9999825613839286,0.3359375,0.0916748046875,1.0001220703125,2.1395821527467533,,
least_effort,0,3,0.3125,False,0.29118741482305593,0.24469135144618687,0.19419239276753752,0.06408250331878662,1.0,0.6875,0.112548828125,1.0,1.4510155797754354,,
least_effort,0,4,0.41796875,False,0.22739941135078043,0.21254331918813874,0.16403361063438165,0.029965922236442566,0.9999825613839286,0.58203125,0.1572265625,1.0001220703125,1.6142661196462054,,
least_effort,0,5,0.3125,False,0.0,0.1961313174394431,0.15403865847642373,0.0,1.0,0.6875,0.1571044921875,1.0,1.7889460011091076,,
least_effort,0,6,0.2109375,False,0.0,0.08794581422273035,0.07344127245235343,0.0,1.0,0.7890625,0.003662109375,1.0,,,
least_effort,0,7,0.25390625,False,0.0,0.13438076764722032,0.10887534450115899,0.0,1.0,0.74609375,0.104736328125,1.0,,,
least_effort,0,8,0.296875,False,0.0,0.15022711371436825,0.12039299246977679,0.0,1.0,0.703125,0.1285400390625,1.0,2.5754185612461082,,
least_effort,0,9,0.3984375,False,0.0,0.1359153746029991,0.1144790121176102,0.0,1.0,0.6015625,0.119140625,1.0,,,
least_effort,0,10,0.4453125,False,0.0,0.11082591882497912,0.09059647209565808,0.0,1.0,0.5546875,0.126220703125,1.0,,,
least_effort,0,11,0.38671875,False,0.0,0.09552379738016706,0.08127504721808078,0.0,1.0,0.61328125,0.1014404296875,1.0,,,
least_effort,0,-1,,,,,,,,,,,,0.9750408000057602,0.0
least_effort,1,0,0.00390625,False,0.0,0.0,0.000905079094209437,0.24015909433364868,1.0,0.99609375,0.0927734375,1.0,,,
least_effort,1,1,0.03125,False,0.20640816560462447,0.05123656902770399,0.037302542616571954,0.202350452542305,1.0,0.96875,0.1331787109375,1.0,,,
least_effort,1,2,0.0546875,False,0.20295717570128702,0.05921709745292729,0.03652016358086715,0.16844837367534637,1.0,0.9453125,0.1324462890625,1.0,3.2999942130745925,,
least_effort,1,3,0.08984375,False,0.24826050668484412,0.10607478042873207,0.08353370648730048,0.11693602800369263,1.0,0.91015625,0.100341796875,1.0,,,
least_effort,1,4,0.0546875,False,0.1917345233841102,0.06606236900476148,0.04661858943108879,0.08900469541549683,1.0,0.9453125,0.0653076171875,1.0,,,
least_effort,1,5,0.01953125,False,0.0287391191461232,0.00012774289904284928,0.0022543438661694662,0.06943470239639282,1.0,0.98046875,0.0928955078125,1.0,,,
least_effort,1,6,0.0,False,0.0,0.0,0.00645226654429461,0.05816853046417236,1.0,1.0,0.0927734375,1.0,,,
least_effort,1,7,0.0,False,0.0,0.0,0.0025487477282859572,0.04167339205741882,1.0,1.0,0.0927734375,1.0,,,
least_effort,1,8,1.0,False,0.0,0.0,0.0009356024389967838,0.0,1.0,0.0,0.0927734375,1.0,,,
least_effort,1,9,0.94921875,False,0.0,0.056110463379968355,0.03470976320598072,0.0,1.0,0.05078125,0.1331787109375,1.0,3.2999942130745925,,
least_effort,1,10,0.94921875,False,0.0,0.0,0.0,0.0,1.0,0.05078125,0.0927734375,1.0,,,
least_effort,1,11,1.0,False,0.0,0.0,0.0,0.0,1.0,0.0,0.0927734375,1.0,,,
least_effort,1,-1,,,,,,,,,,,,1.7706411989813935,0.0
least_effort,2,0,0.47265625,False,0.37300457851115126,0.3619627011364816,0.32485257342651785,0.1636645793914795,0.7114955357142857,0.52734375,0.2535400390625,3.01953125,1.5870051927248607,,
least_effort,2,1,0.33984375,False,0.3137205322696332,0.2021371946990116,0.1778502450057323,0.1476362943649292,0.8673095703125,0.66015625,0.151123046875,1.9288330078125,1.8236384846358138,,
least_effort,2,2,0.30078125,False,0.31279632439766386,0.2234594413215431,0.19360169510346079,0.10320781171321869,0.9591238839285714,0.69921875,0.1688232421875,1.2861328125,1.9617728898181646,,
least_effort,2,3,0.4609375,False,0.3044634742380477,0.2728014144045658,0.24030554802502052,0.0775889903306961,0.9541713169642857,0.5390625,0.1851806640625,1.32080078125,1.7142061281250287,,
least_effort,2,4,0.88671875,False,0.18434374078712515,0.4020046538676464,0.3455128067722787,0.022695571184158325,0.5961390904017857,0.11328125,0.1563720703125,3.8270263671875,1.4100421195922497,,
least_effort,2,5,0.88671875,False,0.0,0.34106483258286846,0.30977931657038094,0.0,0.3568987165178571,0.11328125,0.2340087890625,5.501708984375,1.6344209216995118,,
least_effort,2,6,0.98046875,False,0.0,0.23722252857467885,0.2095245015000513,0.0,0.9095807756696429,0.01953125,0.1678466796875,1.6329345703125,1.6056583912497542,,
least_effort,2,7,0.66796875,False,0.0,0.278747424070698,0.2361966795119168,0.0,0.9097202845982143,0.33203125,0.1832275390625,1.6319580078125,1.4534721573997529,,
least_effort,2,8,0.73046875,False,0.0,0.2421028444791995,0.19827084397928119,0.0,0.8342459542410714,0.26953125,0.1658935546875,2.1602783203125,1.244612911676335,,
least_effort,2,9,0.49609375,False,0.0,0.19634759669324295,0.17220479409253991,0.0,0.8590087890625,0.50390625,0.1732177734375,1.9869384765625,1.8133770856280387,,
least_effort,2,10,0.68359375,False,0.0,0.15086022920191053,0.13374934044734313,0.0,0.9559849330357143,0.31640625,0.1602783203125,1.30810546875,2.167804875231435,,
least_effort,2,11,0.390625,False,0.0,0.08359826280135436,0.08412150491231764,0.0,0.9630824497767857,0.609375,0.1053466796875,1.2584228515625,,,
least_effort,2,-1,,,,,,,,,,,,1.032865991445841,0.0
least_effort,3,0,0.5625,False,0.41851916873029554,0.5215419143899938,0.44738233356307305,0.17077146470546722,0.736572265625,0.4375,0.3492431640625,2.843994140625,1.3410512282411802,,
least_effort,3,1,0.546875,False,0.3788439785353465,0.464679220454933,0.40098882603536684,0.12440739572048187,0.7429373604910714,0.453125,0.3045654296875,2.7994384765625,1.2236485136349453,,
least_effort,3,2,0.83203125,False,0.2599138952334036,0.30010992326854674,0.2670050753892798,0.09592606127262115,0.9187186104910714,0.16796875,0.13134765625,1.5689697265625,1.669732709761316,,
least_effort,3,3,0.83984375,False,0.24067918166722146,0.3986134431144649,0.32775195884258895,0.051750004291534424,0.7458321707589286,0.16015625,0.2738037109375,2.7791748046875,1.3718353268342478,,
least_effort,3,4,0.75,False,0.22550788972911348,0.3493649747236762,0.30092191048580796,0.025290682911872864,0.8773542131696429,0.25,0.2099609375,1.8585205078125,1.3729193956141572,,
least_effort,3,5,0.734375,False,0.0,0.35544669413592384,0.30592317609371567,0.0,0.9489048549107143,0.265625,0.149658203125,1.357666015625,1.4100304129377483,,
least_effort,3,6,0.67578125,False,0.0,0.33008256396897273,0.2816061491974118,0.0,0.9445277622767857,0.32421875,0.142578125,1.3883056640625,1.5261204613725872,,
least_effort,3,7,0.51171875,False,0.0,0.33426383178208924,0.2910804110676454,0.0,0.9474923270089286,0.48828125,0.1690673828125,1.3675537109375,1.4993643729456712,,
least_effort,3,8,0.6875,False,0.0,0.4014011295544596,0.34439184056718253,0.0,0.9473702566964286,0.3125,0.2120361328125,1.368408203125,1.3088169130763387,,
least_effort,3,9,0.6640625,False,0.0,0.27879182376336087,0.2169954570066967,0.0,0.9983258928571429,0.3359375,0.1058349609375,1.01171875,1.5419392933158471,,
least_effort,3,10,0.5546875,False,0.0,0.2074138986994651,0.1626439753364419,0.0,1.0,0.4453125,0.1075439453125,1.0,1.6193356043862437,,
least_effort,3,11,0.265625,False,0.0,0.09713063105962642,0.07793732261022865,0.0,1.0,0.734375,0.063720703125,1.0,2.886037241594458,,
least_effort,3,-1,,,,,,,,,,,,0.959128071157263,0.0
least_effort,4,0,0.57421875,False,0.3703757127053281,0.3333358332177566,0.2855249139340727,0.23258468508720398,0.7394670758928572,0.42578125,0.16015625,2.82373046875,1.5667327474114137,,
least_effort,4,1,0.5078125,False,0.329424018794052,0.22426796289823478,0.18163696990292316,0.19777363538742065,0.9783761160714286,0.4921875,0.16552734375,1.1513671875,2.057370075275518,,
least_effort,4,2,0.3359375,False,0.30096161838844704,0.1673604837680815,0.13184848422956197,0.16850723326206207,1.0,0.6640625,0.1064453125,1.0,2.1966935923738906,,
least_effort,4,3,0.24609375,False,0.25236765494374724,0.11231729387274807,0.09179107395299627,0.13170553743839264,1.0,0.75390625,0.124267578125,1.0,,,
least_effort,4,4,0.9921875,False,0.11325964856338575,0.15703914342310615,0.13089646506166214,0.11605134606361389,1.0,0.0078125,0.1170654296875,1.0,,,
least_effort,4,5,0.59375,False,0.24057449608555248,0.18656312141926967,0.14708928395242754,0.07228492200374603,1.0,0.40625,0.1475830078125,1.0,1.444363230773599,,
least_effort,4,6,0.5,False,0.22705140791197165,0.2704856098186471,0.22303793884406037,0.0204484760761261,0.9782889229910714,0.5,0.1763916015625,1.1519775390625,1.5101726722893962,,
least_effort,4,7,0.7890625,False,0.0,0.10277056265605015,0.10337286051249199,0.0,0.9272809709821429,0.2109375,0.09375,1.509033203125,,,
least_effort,4,8,0.93359375,False,0.0,0.34019575123831935,0.3332106387781694,0.0,0.3994838169642857,0.06640625,0.2208251953125,5.20361328125,1.492015991812885,,
least_effort,4,9,0.77734375,False,0.0,0.2985306640930369,0.3112992659997634,0.0,0.3578927176339286,0.22265625,0.1304931640625,5.4947509765625,1.7520573831410502,,
least_effort,4,10,0.984375,False,0.0,0.21537673724256468,0.18565722626429054,0.0,0.9562813895089286,0.015625,0.1563720703125,1.3060302734375,1.783382342062604,,
least_effort,4,11,0.625,False,0.0,0.1016389390767244,0.0899663493274066,0.0,0.9766148158482143,0.375,0.132080078125,1.1636962890625,2.8711880044696416,,
least_effort,4,-1,,,,,,,,,,,,1.0670825428217607,0.0
